{"score": 0.5275959068649321, "rmse": 1810.8633378343898, "mae": 1413.075453492203}