{"score": 0.595436365217523, "rmse": 184.71038826628958, "mae": 140.85792681653624}