{"score": 0.4983393092653562, "rmse": 1930.0573509319104, "mae": 1469.483027511639}