{"score": 0.6236955594385865, "rmse": 186.90535468974596, "mae": 144.70209183037161}