{"score": 0.19842622440058644, "rmse": 259.99778619672094, "mae": 204.37033041720287}