{"score": 0.18609335211068823, "rmse": 2376.9286651868074, "mae": 1789.420263092364}