{"score": 0.20343496508624548, "rmse": 271.9334870417536, "mae": 209.06307761424384}