{"score": 0.22142708185265947, "rmse": 2404.4448750971333, "mae": 1875.021289970133}