{"score": 0.3933669280368577, "rmse": 2122.4048029783526, "mae": 1596.02943810297}