{"score": 0.5550988850952454, "rmse": 193.70001171185214, "mae": 145.380801265916}