{"score": 0.7578542772000285, "rmse": 1296.484268366176, "mae": 929.0570339647978}