{"score": -3.2202969339984318, "rmse": 5598.048830324027, "mae": 5050.514842654298}