{"score": -3.1569550518458565, "rmse": 592.0870525292495, "mae": 531.8234664129672}