{"score": 0.6636083952210414, "rmse": 1528.098764681712, "mae": 1119.1064838623047}