{"score": 0.3430332187424461, "rmse": 235.3800253072585, "mae": 173.38650335331621}