{"score": 0.26016743001931963, "rmse": 2343.8612628244296, "mae": 1732.9537470085947}