{"score": 0.16340466529749875, "rmse": 2492.4295834688987, "mae": 1842.1884929287505}