{"score": 0.4929882777341553, "rmse": 206.77922352440683, "mae": 152.69598604535145}