{"score": 0.750744925729167, "rmse": 152.11571261201388, "mae": 112.88392032470703}